1,Flour - Whole Wheat,74.2987976074219,3,Medium,2018-02-16 08:21:49.1900000,Durable,Unknown,0
2,Cookie Chocolate Chip With,91.2329025268555,3,Medium,2017-02-12 11:39:10.9700000,Unknown,Unknown,0
3,Onions - Cippolini,9.13790035247803,9,Medium,2018-03-15 08:11:51.5600000,Weak,False,111
4,"Sauce - Gravy, Au Jus, Mix",54.3055000305176,9,Medium,2017-07-16 00:46:28.8800000,Durable,Unknown,0
5,Artichokes - Jerusalem,65.4770965576172,2,Low,2017-08-16 14:13:35.4300000,Durable,True,27
6,Wine - Magnotta - Cab Sauv,79.7183990478516,8,High,2017-05-25 15:08:39.6900000,Unknown,Unknown,0
7,Table Cloth - 53x69 Colour,31.8369998931885,9,Medium,2017-02-24 15:14:30.0500000,Durable,False,0
8,Halibut - Steaks,89.8572998046875,5,Medium,2018-03-24 05:21:21.8900000,Unknown,True,108
9,Rabbit - Whole,84.4218978881836,11,Medium,2017-06-17 12:12:04.6700000,Durable,Unknown,0
10,Scampi Tail,95.095703125,4,Low,2017-07-30 10:11:45.9900000,Weak,True,105
11,Garbage Bags - Clear,6.29489994049072,9,Low,2017-01-05 21:02:21.3300000,Durable,True,67
12,Ezy Change Mophandle,49.3356018066406,4,Medium,2017-11-01 09:49:59.0300000,Durable,True,0
13,"Water, Tap",28.2231998443604,11,Low,2017-01-16 19:49:10.9300000,Durable,False,69
14,Beef - Top Sirloin,3.33240008354187,7,Medium,2017-02-26 11:40:47.8500000,Durable,True,0
15,"Spoon - Soup, Plastic",32.4420013427734,1,Low,2017-03-03 09:47:09.3100000,Weak,True,0
16,Kellogs Special K Cereal,54.7246017456055,2,Low,2017-01-23 09:25:47.1100000,Durable,True,0
17,"Wine - White, Mosel Gold",43.9182014465332,10,Medium,2017-03-01 14:03:04.9200000,Unknown,Unknown,0
18,"Lamb - Whole, Fresh",23.3966007232666,10,Medium,2017-12-19 16:45:04.7300000,Unknown,False,0
19,Tea - Earl Grey,22.5613994598389,3,Medium,2017-06-14 22:39:53.3400000,Weak,True,94
20,Chocolate - Feathers,85.9011001586914,3,Low,2017-07-21 11:13:57.5500000,Durable,True,0
21,Kiwi,46.7252006530762,7,High,2018-05-09 08:59:46.1500000,Durable,Unknown,0
22,Rice - Jasmine Sented,27.8955001831055,6,Medium,2017-05-09 14:08:23.6300000,Weak,Unknown,48
23,Crab - Imitation Flakes,79.0184020996094,11,Medium,2017-08-19 07:18:29.8900000,Durable,True,0
24,"Beer - Alexander Kieths, Pale Ale",89.0370025634766,3,Medium,2017-05-23 03:36:02.4200000,Durable,True,65
25,Soupcontfoam16oz 116con,80.7666015625,10,High,2017-04-09 15:30:41.2500000,Durable,True,0
26,Squid U5 - Thailand,33.7821006774902,11,Medium,2018-03-26 19:31:26.9700000,Weak,False,10
27,Chocolate - Compound Coating,17.172399520874,1,Medium,2017-10-29 17:27:27.2800000,Unknown,Unknown,86
28,Sobe - Tropical Energy,12.315299987793,9,High,2017-10-25 04:23:48.2300000,Durable,True,0
29,Spinach - Baby,33.5882987976074,7,Low,2017-08-06 17:21:24.0000000,Durable,True,50
30,"Cheese - Brie, Triple Creme",67.8990020751953,6,Low,2018-03-21 19:28:46.7400000,Weak,Unknown,72
31,Yeast Dry - Fermipan,73.9850997924805,2,Medium,2017-04-17 23:33:06.1100000,Durable,False,0
32,Lettuce - Treviso,96.4126968383789,3,High,2017-01-09 18:29:05.7900000,Durable,True,0
33,Beans - Wax,45.5550994873047,10,Medium,2017-02-01 15:20:22.8600000,Weak,True,0
34,Mustard Prepared,43.3462982177734,6,Medium,2017-09-21 16:05:20.8200000,Weak,Unknown,7
35,"Water - Mineral, Natural",15.7232999801636,6,Low,2017-10-01 15:36:07.0800000,Durable,True,97
36,Table Cloth 54x72 White,69.2574005126953,9,Low,2018-03-04 18:24:57.5000000,Durable,True,0
37,"Nut - Pistachio, Shelled",80.3171005249023,7,Low,2017-02-27 14:01:39.1300000,Unknown,False,0
38,Sage - Ground,81.6578979492188,6,High,2017-09-26 00:45:35.6000000,Weak,False,0
39,Dried Figs,75.2059020996094,11,Medium,2017-08-04 21:51:44.2600000,Weak,False,120
40,Cocktail Napkin Blue,8.93719959259033,8,Low,2017-06-28 03:05:34.4000000,Unknown,Unknown,0
41,"Cup - 6oz, Foam",81.7210006713867,7,Medium,2018-03-15 16:02:55.8600000,Unknown,True,0
42,Bread - Raisin Walnut Oval,81.0487976074219,1,High,2018-04-01 08:39:17.2900000,Weak,False,0
43,Sponge Cake Mix - Chocolate,16.3983001708984,9,High,2017-08-12 13:40:16.8000000,Weak,True,96
44,"Wine - White, Colubia Cresh",48.5980987548828,7,High,2018-04-09 16:28:48.4500000,Durable,True,0
45,Beef - Ground Medium,79.5324020385742,4,Medium,2018-03-23 17:00:00.3700000,Weak,True,0
46,Lambcasing,86.7914962768555,9,High,2017-07-12 21:27:57.7600000,Durable,False,0
47,"Thyme - Lemon, Fresh",47.1338996887207,9,High,2018-02-16 02:50:46.7800000,Weak,False,0
48,Pecan Raisin - Tarts,60.3624992370605,7,Low,2017-11-26 03:31:03.2400000,Unknown,Unknown,114
49,Bacardi Breezer - Tropical,61.4317016601563,8,High,2017-01-03 12:21:41.8500000,Durable,False,0
50,Pork - Kidney,43.2863998413086,7,High,2018-04-21 00:02:16.2100000,Weak,True,0
51,Wine - Crozes Hermitage E.,81.0133972167969,11,Medium,2017-05-16 18:38:05.2300000,Unknown,Unknown,0
52,"Turnip - White, Organic",55.605899810791,1,Low,2017-06-27 06:39:03.8100000,Durable,False,0
53,Cassis,92.6278991699219,8,Medium,2018-02-16 15:42:44.9500000,Weak,True,0
54,"Liners - Banana, Paper",53.5592002868652,9,Medium,2017-06-23 03:31:04.5000000,Weak,True,0
55,Cinnamon Buns Sticky,6.61819982528687,3,High,2018-03-05 08:20:42.0500000,Unknown,False,85
56,Chips Potato Salt Vinegar 43g,46.4033012390137,9,Low,2017-10-10 18:13:25.5600000,Weak,False,0
57,Sausage - Breakfast,12.2145004272461,3,Low,2017-11-03 04:20:41.0800000,Unknown,True,103
58,Dc Hikiage Hira Huba,20.1009006500244,7,Low,2017-10-24 04:35:49.1400000,Durable,Unknown,91
59,Pastry - Butterscotch Baked,73.5389022827148,10,High,2017-04-08 09:15:47.6200000,Unknown,False,0
60,"Pepper - Paprika, Hungarian",31.6949005126953,2,Medium,2017-09-29 18:42:08.4700000,Weak,Unknown,0
61,Sardines,62.5460014343262,8,Low,2017-12-03 21:41:12.4200000,Durable,False,90
62,Pears - Bosc,19.5216999053955,1,Medium,2017-09-09 10:50:41.8300000,Unknown,Unknown,13
63,Cake - Mini Cheesecake,56.2689018249512,9,Low,2017-08-18 11:59:57.8900000,Weak,Unknown,0
64,Vinegar - Sherry,16.5228996276855,6,Low,2017-08-05 16:43:17.9300000,Unknown,True,94
65,Brandy - Bar,21.1105995178223,3,High,2017-04-14 10:38:39.8700000,Weak,False,0
66,Pie Filling - Cherry,9.88230037689209,7,Medium,2018-05-06 02:33:15.5400000,Weak,False,0
67,Wine - Sogrape Mateus Rose,3.78049993515015,5,Low,2017-09-30 18:29:36.1600000,Unknown,True,108
68,"Beets - Candy Cane, Organic",84.8768997192383,6,High,2017-09-04 03:43:50.1200000,Durable,False,72
69,Raspberries - Fresh,87.6091995239258,1,Low,2017-10-04 20:04:40.7800000,Unknown,True,0
70,Squid - Tubes / Tenticles 10/20,63.1846008300781,4,Low,2017-05-08 15:22:11.8100000,Weak,True,45
71,Cheese - Wine,74.407600402832,6,Low,2018-04-04 19:24:07.9900000,Durable,Unknown,0
72,Bar - Granola Trail Mix Fruit Nut,62.2602996826172,4,High,2017-10-13 13:17:29.3300000,Durable,False,0
73,Appetizer - Sausage Rolls,48.1907005310059,11,Low,2017-05-17 18:53:20.4700000,Weak,True,0
74,Carbonated Water - Cherry,13.6240997314453,7,Medium,2018-04-26 19:34:18.9400000,Durable,False,26
75,Chef Hat 20cm,4.17999982833862,8,High,2017-09-14 19:11:01.6900000,Durable,Unknown,116
76,Wine - Fume Blanc Fetzer,65.6764984130859,6,Low,2017-02-08 00:20:28.8600000,Durable,False,95
77,Potatoes - Idaho 100 Count,11.4970998764038,9,Medium,2018-02-04 00:28:06.8400000,Durable,False,0
78,Wine - Magnotta - Belpaese,30.4202003479004,4,Medium,2017-09-18 14:49:41.4400000,Weak,Unknown,0
79,"Pasta - Penne, Rigate, Dry",9.50450038909912,11,High,2017-07-09 10:36:02.0500000,Weak,False,104
80,Wasabi Powder,93.9751968383789,2,High,2018-02-04 18:02:43.4900000,Weak,True,0
81,Cookies - Assorted,86.6483001708984,2,Medium,2017-02-08 16:40:40.1800000,Unknown,Unknown,0
82,Jolt Cola - Electric Blue,56.8098983764648,5,Low,2018-04-12 13:56:24.0500000,Unknown,Unknown,63
83,Lamb - Ground,50.8837013244629,1,High,2017-10-22 16:02:06.3700000,Durable,Unknown,116
84,Peas - Frozen,90.3019027709961,1,Medium,2017-08-25 17:19:07.7900000,Durable,False,0
85,Cheese - Parmesan Cubes,86.8856964111328,7,High,2017-11-06 00:50:41.5100000,Durable,Unknown,0
86,Longos - Grilled Chicken With,18.3791007995605,2,Low,2018-02-28 16:54:02.3100000,Weak,False,0
87,Wine - Pinot Noir Latour,3.7846999168396,7,Low,2017-04-02 02:46:20.8500000,Unknown,False,0
88,Remy Red,91.9960021972656,2,Low,2017-12-19 11:49:18.3700000,Durable,Unknown,0
89,"Beef - Ground, Extra Lean, Fresh",36.728099822998,3,Medium,2017-11-26 07:44:38.7700000,Weak,True,0
90,Flavouring - Orange,69.3199996948242,9,High,2018-04-30 21:22:41.5300000,Unknown,True,37
91,General Purpose Trigger,57.0429000854492,6,High,2017-05-02 14:04:16.4100000,Durable,True,97
92,"Wine - Red, Colio Cabernet",60.2160987854004,1,Low,2017-09-13 09:25:50.0000000,Weak,Unknown,0
93,Bandage - Fexible 1x3,8.11900043487549,8,Low,2017-06-20 15:29:47.9700000,Durable,False,11
94,V8 - Berry Blend,43.5108985900879,9,High,2018-03-15 03:09:35.7900000,Weak,Unknown,108
95,Beans - Kidney White,46.391300201416,1,High,2017-12-02 05:24:21.9900000,Unknown,Unknown,0
96,Cheese - Bocconcini,62.1992988586426,7,High,2017-07-07 05:12:14.0300000,Unknown,False,0
97,Veal - Inside,24.7798004150391,4,Medium,2017-08-14 20:39:19.3900000,Weak,True,0
98,Shrimp - 31/40,99.8755035400391,3,High,2017-01-07 20:56:58.8600000,Weak,False,0
99,Mustard - Seed,27.4874000549316,5,Low,2017-12-27 05:50:08.5700000,Weak,True,0
100,"Pork - Loin, Bone - In",69.6501007080078,9,Low,2018-03-27 14:26:44.8400000,Durable,Unknown,7
101,"Soup - Campbells, Lentil",83.0110015869141,4,Medium,2018-02-19 02:58:21.6100000,Durable,Unknown,99
102,"Rosemary - Primerba, Paste",62.2569999694824,4,High,2017-06-14 23:06:56.6600000,Unknown,False,0
103,Cream Of Tartar,72.7534027099609,7,Low,2017-02-22 07:26:22.4600000,Unknown,Unknown,0
104,Tia Maria,98.2471008300781,5,High,2018-01-04 20:59:30.0400000,Unknown,False,0
105,Ecolab - Mikroklene 4/4 L,68.8788986206055,1,Medium,2017-01-17 04:38:08.2200000,Durable,True,0
106,Pickerel - Fillets,18.7530002593994,7,High,2017-12-11 05:20:35.9100000,Weak,False,19
107,Bread - French Baquette,7.41510009765625,1,High,2017-02-10 11:45:43.3400000,Weak,False,0
108,Pasta - Orecchiette,79.0037994384766,1,High,2018-03-01 20:08:26.0100000,Weak,True,0
109,Muffin - Zero Transfat,49.3791007995605,1,Medium,2018-02-15 08:20:02.8200000,Durable,False,0
110,Black Currants,40.9416999816895,9,High,2018-01-26 08:00:13.1800000,Durable,Unknown,48
111,Scallops 60/80 Iqf,34.9061012268066,11,Medium,2018-01-13 17:45:18.7200000,Durable,Unknown,0
112,Browning Caramel Glace,81.7942962646484,10,High,2017-02-15 13:30:59.6400000,Weak,Unknown,0
113,Ocean Spray - Kiwi Strawberry,10.5964002609253,7,Low,2017-04-17 17:59:47.0800000,Unknown,False,106
114,Veal - Osso Bucco,79.5637969970703,8,High,2017-07-11 15:13:04.1400000,Weak,True,93
115,Ocean Spray - Ruby Red,45.0466003417969,11,Low,2017-08-22 02:01:28.2800000,Weak,False,0
116,Steam Pan - Half Size Deep,5.73600006103516,3,Low,2017-12-31 07:44:48.3700000,Weak,True,104
117,Ketchup - Tomato,68.6380004882813,11,High,2018-03-27 18:48:35.4600000,Weak,Unknown,0
118,Garbag Bags - Black,65.9670028686523,9,High,2018-05-02 18:40:50.1100000,Weak,Unknown,0
119,Soup Campbells - Italian Wedding,29.6371994018555,11,Medium,2018-02-06 15:52:36.4300000,Unknown,False,0
120,Water - Spring Water 500ml,2.73140001296997,2,Medium,2017-06-23 17:44:37.5600000,Durable,Unknown,94
121,Muffin Batt - Blueberry Passion,6.09759998321533,11,Low,2018-02-03 23:46:54.6800000,Durable,Unknown,0
122,Table Cloth 62x114 White,11.7845001220703,4,High,2018-02-19 06:40:17.8000000,Weak,False,0
123,Oil - Shortening - All - Purpose,48.1487007141113,4,Low,2018-02-15 19:59:11.3500000,Unknown,Unknown,0
124,Macaroons - Two Bite Choc,18.2891006469727,4,Low,2017-10-13 22:41:59.2600000,Unknown,True,81
125,"Nut - Chestnuts, Whole",6.14169979095459,9,Low,2017-01-07 01:17:55.4000000,Weak,False,0
126,Crackers - Trio,14.1913995742798,6,Low,2017-07-23 09:58:17.9800000,Unknown,Unknown,76
127,Island Oasis - Mango Daiquiri,54.141300201416,8,Medium,2017-04-25 21:47:41.3500000,Unknown,False,34
128,Coffee - Irish Cream,4.67969989776611,2,Medium,2017-07-12 15:43:44.6800000,Durable,Unknown,71
129,Chicken - Soup Base,67.2329025268555,7,High,2017-05-26 14:09:56.9400000,Durable,True,0
130,Beef Wellington,41.9808006286621,2,Low,2017-03-11 13:58:47.6500000,Unknown,False,0
131,Anchovy Paste - 56 G Tube,40.8967018127441,3,Medium,2017-11-03 03:41:09.4800000,Durable,False,0
132,Beer - Blue,11.6217002868652,6,High,2018-01-28 03:31:07.9700000,Weak,False,24
133,Beef - Top Sirloin - Aaa,2.93269991874695,11,Low,2018-01-30 08:59:32.8700000,Weak,Unknown,0
134,Wine - Toasted Head,39.8544998168945,2,High,2017-08-21 20:09:17.2200000,Weak,True,0
135,Wiberg Super Cure,10.9640998840332,10,Low,2018-04-25 15:04:21.8900000,Durable,False,61
136,Vol Au Vents,24.391300201416,10,Medium,2018-01-03 17:33:43.5300000,Weak,True,0
137,"Wine - White, Schroder And Schyl",84.0566024780273,10,Low,2018-02-19 06:30:01.5900000,Durable,False,0
138,"Rum - Coconut, Malibu",52.6366996765137,7,Low,2018-02-24 19:02:36.3300000,Durable,Unknown,0
139,Chicken - Wieners,21.4230003356934,1,High,2017-08-09 12:40:59.5700000,Weak,False,0
140,"Oregano - Dry, Rubbed",68.1325988769531,11,High,2018-04-04 19:30:05.6000000,Durable,Unknown,16
141,Tea - Herbal Sweet Dreams,10.96399974823,1,Low,2018-01-19 05:08:18.9700000,Durable,True,37
142,"Pork - Bacon, Double Smoked",24.7808990478516,6,Medium,2017-06-10 06:37:54.8400000,Weak,True,0
143,Watercress,42.6169013977051,1,Medium,2018-03-13 03:29:15.5600000,Unknown,True,0
144,"Placemat - Scallop, White",95.7864990234375,5,Medium,2018-03-09 23:44:25.6000000,Durable,False,0
145,Wine - Chardonnay South,34.4138984680176,9,Low,2017-04-18 03:37:22.8000000,Durable,Unknown,27
146,Bananas,75.2485961914063,7,High,2017-03-18 00:33:16.7600000,Durable,False,0
147,Cheese - Mozzarella,49.619701385498,5,High,2017-05-29 15:26:02.9100000,Unknown,False,0
148,Beer - Sleemans Cream Ale,28.5552997589111,11,Medium,2018-04-19 00:16:43.8300000,Durable,True,91
149,Zucchini - Yellow,98.4644012451172,10,High,2017-07-25 01:08:07.5000000,Weak,True,0
150,Langers - Ruby Red Grapfruit,40.655200958252,9,High,2018-04-10 21:39:33.6200000,Durable,False,0
151,"Mushrooms - Black, Dried",93.5613021850586,7,High,2017-08-19 10:23:38.5700000,Weak,True,0
152,"Lentils - Red, Dry",58.812801361084,7,Medium,2017-08-22 01:58:29.2900000,Unknown,Unknown,26
153,Arizona - Green Tea,70.2381973266602,4,Low,2017-04-10 05:04:22.4400000,Weak,False,0
154,Ice Cream Bar - Drumstick,24.7560005187988,4,Medium,2017-07-06 12:05:31.0100000,Weak,True,0
155,"Peas - Pigeon, Dry",63.5523986816406,9,High,2017-02-21 14:39:50.1500000,Weak,False,0
156,Sprouts - Alfalfa,71.2264022827148,1,High,2018-05-09 20:18:03.8200000,Durable,False,0
157,"Juice - Cranberry, 341 Ml",14.1082000732422,11,Medium,2017-09-06 03:07:45.3200000,Unknown,False,19
158,Apricots Fresh,54.464298248291,4,High,2017-09-18 08:44:23.2100000,Unknown,False,18
159,Eggplant - Asian,92.1053009033203,7,Medium,2017-12-29 19:41:34.6400000,Durable,True,0
160,Beef Ground Medium,54.6874008178711,7,Medium,2017-11-03 18:39:50.2400000,Weak,True,0
161,Longos - Chicken Wings,64.6118011474609,10,Low,2017-08-18 07:32:54.5500000,Weak,Unknown,0
162,Sauce - Demi Glace,2.73530006408691,11,Medium,2017-12-08 20:01:58.6600000,Weak,True,117
163,Tomatoes Tear Drop,11.7707996368408,6,Low,2017-10-07 05:58:29.0700000,Unknown,True,116
164,Loquat,7.39820003509521,11,Medium,2017-12-07 18:21:15.1600000,Unknown,False,0
165,Bread Crumbs - Japanese Style,0.0449000000953674,6,Low,2017-03-26 04:19:03.7000000,Unknown,False,0
166,Tray - 16in Rnd Blk,23.2842998504639,5,High,2018-04-25 14:14:10.7600000,Durable,False,0
167,Knife Plastic - White,78.8615036010742,11,Medium,2017-05-26 04:31:26.7700000,Durable,False,0
168,Milk - 2%,70.7418975830078,6,Medium,2018-01-03 21:50:29.8600000,Unknown,True,29
169,Water - Aquafina Vitamin,68.5996017456055,10,Medium,2017-07-26 00:08:42.2600000,Unknown,False,0
170,Initation Crab Meat,20.6553001403809,1,Medium,2017-12-26 08:27:44.7600000,Durable,False,0
171,Gloves - Goldtouch Disposable,21.6793994903564,5,High,2018-03-21 01:14:46.7900000,Durable,False,0
172,Sherry - Dry,16.0013008117676,5,High,2017-01-31 23:45:59.1300000,Durable,Unknown,72
173,Rosemary - Dry,44.5439987182617,8,Low,2017-09-24 05:59:50.5300000,Durable,False,0
174,Guinea Fowl,61.5046997070313,11,High,2018-03-13 20:22:30.8400000,Durable,True,0
175,Oil - Safflower,91.7675018310547,1,Low,2017-10-12 12:36:18.6000000,Weak,True,52
176,Smirnoff Green Apple Twist,81.3167037963867,6,High,2017-08-27 17:08:59.8400000,Durable,True,90
177,"Coconut - Shredded, Sweet",69.1677017211914,3,Medium,2018-04-18 03:11:02.2400000,Weak,True,0
178,Pernod,52.3623008728027,10,High,2018-04-17 20:14:45.7600000,Weak,True,0
179,Yoghurt Tubes,83.8751983642578,6,Low,2017-06-28 19:04:36.4500000,Durable,Unknown,26
180,Chocolate - Dark,30.8931999206543,3,Low,2018-03-01 00:44:38.6400000,Durable,True,27
181,Phyllo Dough,64.5718002319336,1,Medium,2017-02-24 18:32:15.0700000,Unknown,False,0
182,Campari,25.5860004425049,9,Low,2017-05-16 21:30:57.5300000,Weak,False,54
183,Spice - Peppercorn Melange,6.21540021896362,4,High,2018-04-27 14:35:37.1800000,Weak,False,0
184,Hersey Shakes,26.577600479126,9,Low,2017-06-24 16:30:23.3200000,Weak,True,0
185,Foam Dinner Plate,48.4194984436035,6,Low,2017-11-30 03:35:09.0800000,Weak,Unknown,40
186,Muffin Mix - Blueberry,82.0839004516602,8,Low,2017-03-15 01:42:40.1900000,Weak,False,0
187,"Pepper - Black, Whole",41.3834991455078,3,Medium,2017-10-20 22:26:45.5300000,Durable,False,31
188,Cup - Translucent 7 Oz Clear,78.1768035888672,8,High,2017-07-27 20:54:01.8600000,Durable,False,91
189,"Bread - Roll, Soft White Round",76.3021011352539,5,High,2017-07-01 05:29:27.0700000,Unknown,False,16
190,Cake - Cake Sheet Macaroon,39.7378005981445,9,Medium,2018-04-25 18:46:18.0700000,Durable,True,93
191,"Hickory Smoke, Liquid",10.2829999923706,10,High,2017-04-30 14:25:58.2100000,Weak,Unknown,0
192,"Wine - Magnotta, Merlot Sr Vqa",29.5923004150391,7,Medium,2017-06-03 21:45:38.3700000,Durable,Unknown,0
193,"Veal - Inside, Choice",60.5313987731934,11,Medium,2017-02-26 23:21:01.6900000,Unknown,False,19
194,Lettuce - Frisee,66.7357025146484,6,Medium,2018-02-12 18:01:09.3400000,Unknown,False,0
195,Beets - Mini Golden,3.52080011367798,2,Medium,2017-08-18 11:57:11.0400000,Durable,Unknown,70
196,Longos - Grilled Salmon With Bbq,8.22859954833984,1,High,2017-02-11 09:06:20.3000000,Unknown,Unknown,0
197,Mussels - Cultivated,13.0101003646851,1,Medium,2018-01-11 00:39:25.7800000,Unknown,True,0
198,Lime Cordial - Roses,35.2187004089355,1,Low,2017-04-06 09:08:00.3900000,Durable,False,60
199,Pork - Hock And Feet Attached,95.7415008544922,10,Medium,2017-12-15 19:25:21.8900000,Weak,Unknown,105
200,Garlic - Peeled,11.1295003890991,5,Medium,2017-05-02 13:23:12.0400000,Weak,False,0
201,Grenadine,96.3871002197266,8,Medium,2018-03-01 20:01:50.0000000,Weak,True,117
202,Bay Leaf,78.877799987793,11,Low,2017-10-02 17:35:33.0500000,Weak,True,0
203,"Chicken - Leg, Boneless",59.9556999206543,1,High,2017-09-25 00:08:01.5700000,Weak,Unknown,29
204,Scallop - St. Jaques,77.8089981079102,9,Medium,2017-12-06 16:40:22.7500000,Durable,True,5
205,"Turkey - Whole, Fresh",18.975700378418,5,High,2017-01-21 20:24:46.8300000,Weak,False,32
206,Cocoa Butter,77.5599975585938,3,Low,2017-07-19 10:37:39.4400000,Unknown,Unknown,0
207,Coffee - Hazelnut Cream,14.2687997817993,10,Medium,2018-04-06 19:58:38.7600000,Unknown,True,116
208,"Mushroom - Trumpet, Dry",8.73349952697754,5,Medium,2017-06-06 08:41:51.6000000,Weak,False,15
209,Sugar - Fine,32.9884986877441,3,Low,2018-01-31 23:29:12.4100000,Unknown,Unknown,0
210,"Cheese - Brie,danish",82.2358016967773,3,High,2017-11-03 21:30:50.3200000,Unknown,Unknown,0
211,Wine - Prosecco Valdobiaddene,2.05870008468628,9,Low,2017-01-22 17:07:01.5700000,Unknown,True,76
212,Curry Paste - Madras,61.7459983825684,2,High,2017-09-28 06:52:59.5700000,Weak,True,97
213,Pate - Cognac,70.5891036987305,10,High,2017-03-23 13:39:46.7500000,Weak,True,39
214,French Pastry - Mini Chocolate,61.212100982666,5,Low,2018-03-09 18:56:56.0000000,Durable,Unknown,0
215,"Veal - Brisket, Provimi,bnls",90.1156997680664,7,High,2017-09-10 00:07:35.1600000,Weak,Unknown,92
216,Scallops - 10/20,39.0256996154785,1,Low,2017-04-04 10:01:57.0200000,Unknown,Unknown,0
217,Bread - Multigrain,96.5199966430664,8,Medium,2017-12-21 05:26:21.4800000,Durable,True,0
218,Barramundi,85.1932983398438,8,High,2017-04-15 13:28:05.7400000,Weak,True,31
219,Assorted Desserts,58.9786987304688,5,Low,2017-01-08 14:46:06.0700000,Durable,False,0
220,Meldea Green Tea Liquor,17.9610004425049,10,Low,2017-01-12 02:36:23.5000000,Weak,False,0
221,Bread Crumbs - Panko,81.9008026123047,3,Low,2017-07-06 15:47:25.2200000,Unknown,False,0
222,"Sole - Dover, Whole, Fresh",0.684599995613098,3,High,2018-03-08 07:37:24.9100000,Unknown,False,0
223,Pail With Metal Handle 16l White,94.4399032592773,1,Medium,2017-07-06 16:21:02.7900000,Unknown,Unknown,0
224,Flour - Pastry,28.8617992401123,1,High,2017-08-09 05:22:24.1900000,Weak,False,0
225,Wine - Charddonnay Errazuriz,10.372200012207,3,Medium,2017-08-28 18:01:46.5500000,Weak,Unknown,0
226,"Chestnuts - Whole,canned",92.0871963500977,10,Medium,2017-10-18 03:29:08.4100000,Durable,True,0
227,Cheese - Taleggio D.o.p.,55.469898223877,5,Low,2018-04-14 00:24:57.4400000,Weak,False,0
228,Sauce - Hollandaise,77.8082962036133,3,High,2017-12-19 11:58:41.1900000,Durable,Unknown,93
229,Bread - Hot Dog Buns,57.9837989807129,9,Medium,2017-07-27 08:25:19.7900000,Weak,False,66
230,"Wine - Cahors Ac 2000, Clos",83.5389022827148,11,Medium,2017-09-01 03:29:58.2900000,Weak,False,75
231,Crush - Cream Soda,68.3066024780273,5,Medium,2017-12-24 16:29:34.0600000,Unknown,True,0
232,Quiche Assorted,33.9490013122559,3,Medium,2018-01-12 18:03:01.8400000,Weak,False,0
233,Duck - Breast,56.6208992004395,11,Low,2017-05-04 00:49:23.8600000,Durable,True,0
234,Tofu - Firm,72.7456970214844,1,Medium,2017-02-27 05:41:24.4100000,Weak,Unknown,0
235,Bread - English Muffin,34.5060997009277,6,High,2018-05-09 04:42:48.6500000,Durable,False,0
236,Tomato - Tricolor Cherry,85.6940002441406,1,Low,2017-10-02 00:56:42.0200000,Unknown,True,113
237,Mayonnaise - Individual Pkg,65.6303024291992,8,Low,2017-12-29 21:22:55.9600000,Weak,False,94
238,Garlic,28.4064998626709,6,Medium,2017-05-22 21:55:14.4300000,Durable,False,0
239,"Soup - Campbells, Cream Of",7.60190010070801,5,Medium,2017-06-03 20:05:36.4900000,Weak,True,0
240,Wine - Chablis 2003 Champs,70.8595962524414,4,Low,2017-05-14 16:57:29.6400000,Weak,False,0
241,Cheese - Cheddarsliced,67.8151016235352,9,Medium,2017-04-17 05:44:01.4300000,Unknown,Unknown,0
242,Thermometer Digital,32.6500015258789,9,Low,2017-05-17 13:44:53.9200000,Weak,False,11
243,Sun - Dried Tomatoes,45.1883010864258,6,Medium,2017-11-02 21:24:49.4600000,Weak,False,104
244,Beef - Rib Eye Aaa,94.0663986206055,2,Low,2018-01-04 07:58:36.7600000,Unknown,True,0
245,Grouper - Fresh,37.6791000366211,1,Medium,2018-04-04 01:39:16.4900000,Weak,Unknown,111
246,Ice Cream Bar - Hageen Daz To,48.5371017456055,9,Low,2017-12-10 07:32:58.6400000,Weak,False,96
247,Juice - Apple Cider,59.0032997131348,9,High,2017-03-14 08:05:51.6200000,Weak,False,58
248,Beef - Inside Round,99.3192977905273,7,Low,2017-04-29 04:24:05.7000000,Unknown,Unknown,0
249,Cookie Dough - Double,76.6201019287109,10,Medium,2017-06-05 17:53:34.1700000,Weak,True,0
250,"Soup - Campbells, Beef Barley",64.4951019287109,1,Low,2017-05-17 01:55:14.0200000,Durable,False,0
251,"Oranges - Navel, 72",11.7087001800537,5,Low,2017-07-01 03:39:58.8200000,Weak,True,7
252,Nantucket - Pomegranate Pear,27.8169002532959,4,Medium,2017-09-28 11:11:20.0300000,Weak,Unknown,83
253,Wanton Wrap,76.2399978637695,7,High,2017-03-29 18:21:54.3200000,Unknown,Unknown,0
254,"Soup - Canadian Pea, Dry Mix",77.780403137207,1,Low,2017-12-04 16:48:58.3900000,Weak,True,0
255,Kellogs All Bran Bars,29.2287006378174,3,Low,2018-03-05 21:35:46.8300000,Weak,False,0
256,Soup Knorr Chili With Beans,95.7024002075195,6,Medium,2018-05-03 12:24:25.1000000,Durable,Unknown,0
257,"Pasta - Detalini, White, Fresh",84.4380035400391,11,High,2017-03-30 01:14:30.2600000,Durable,Unknown,0
258,Tea - English Breakfast,31.093900680542,1,Low,2017-02-16 18:45:37.3700000,Weak,Unknown,0
259,Veal - Eye Of Round,67.4366989135742,7,High,2017-04-10 22:38:36.1900000,Unknown,True,71
260,"Yogurt - Blueberry, 175 Gr",26.888599395752,7,Low,2017-08-13 16:55:38.4200000,Durable,False,31
261,Chinese Foods - Chicken,22.0900993347168,9,High,2017-08-14 10:12:42.0100000,Durable,True,0
262,Bagel - Plain,36.4604988098145,7,Medium,2017-04-19 07:59:57.5700000,Durable,Unknown,41
263,Soupfoamcont12oz 112con,50.749698638916,7,Low,2018-03-20 00:16:31.8200000,Weak,False,0
264,Juice - V8 Splash,49.4496994018555,3,High,2017-06-02 19:59:14.1100000,Durable,True,0
265,"Mushroom - Porcini, Dry",13.9292001724243,10,Medium,2018-03-20 05:01:16.2600000,Weak,Unknown,7
266,Clam Nectar,68.1097030639648,7,High,2017-05-19 23:03:59.7300000,Weak,Unknown,0
267,Grapes - Red,5.125,2,Medium,2017-05-28 06:03:35.7100000,Unknown,True,0
268,Vanilla Beans,97.8434982299805,9,Low,2017-01-25 07:58:22.3400000,Durable,False,0
269,Wine - Blue Nun Qualitatswein,26.7059993743896,11,Medium,2018-03-10 14:14:07.3600000,Durable,True,0
270,Cheese Cloth No 100,4.42159986495972,6,Medium,2018-04-17 23:10:53.1400000,Durable,Unknown,101
271,Banana - Leaves,73.3954010009766,5,High,2017-08-13 12:39:01.0700000,Unknown,True,0
272,"Chocolate - Semi Sweet, Calets",68.1134033203125,2,Low,2017-08-01 07:31:07.0500000,Weak,True,13
273,Bandage - Flexible Neon,77.5913009643555,4,Medium,2018-03-21 17:22:29.2600000,Weak,Unknown,0
274,Papayas,88.1192016601563,2,Low,2018-01-03 21:48:36.4400000,Weak,False,0
275,Corn Meal,50.1459999084473,1,Medium,2018-02-03 20:52:22.0800000,Durable,True,88
276,Snapple - Iced Tea Peach,49.2508010864258,5,High,2017-02-20 02:02:31.3000000,Unknown,True,0
277,Sea Bass - Whole,55.4963989257813,9,Medium,2017-05-06 10:12:35.4400000,Durable,Unknown,118
278,Apricots - Halves,0.373499989509583,11,Medium,2017-11-09 08:22:26.0400000,Weak,False,87
279,Beef - Texas Style Burger,91.1828002929688,1,Low,2017-09-14 03:43:07.7100000,Durable,True,0
280,Onion Powder,61.8352012634277,5,Medium,2018-01-26 10:28:47.9100000,Durable,False,0
281,"Bar Mix - Pina Colada, 355 Ml",33.0839004516602,2,High,2017-08-06 19:23:16.7900000,Durable,True,0
282,"Lemonade - Natural, 591 Ml",56.1506004333496,10,Low,2017-12-16 20:00:51.7400000,Durable,False,88
283,Bread Fig And Almond,1.18819999694824,4,Low,2017-07-16 18:05:07.0100000,Durable,False,0
284,Beer - Rickards Red,93.4888000488281,9,Low,2017-03-13 06:30:05.7700000,Weak,False,0
285,Cheese - Mix,71.8302001953125,7,Low,2017-03-03 23:49:59.4700000,Unknown,Unknown,107
286,Beef - Prime Rib Aaa,40.4897003173828,2,Low,2017-03-29 05:18:14.0300000,Durable,False,29
287,Bread - Italian Roll With Herbs,57.7089996337891,7,Medium,2017-10-16 23:41:07.5200000,Durable,True,0
288,"Orange - Canned, Mandarin",78.8404998779297,11,Low,2017-10-07 08:00:25.4800000,Durable,True,0
289,Sword Pick Asst,43.5168991088867,10,Low,2017-05-03 08:05:37.5800000,Durable,False,0
290,Sauce - Rosee,38.8036994934082,1,Low,2017-01-06 16:18:23.5400000,Unknown,True,110
291,"Crab - Dungeness, Whole",1.25590002536774,2,Medium,2017-07-05 23:42:11.7600000,Unknown,False,0
292,Turkey - Oven Roast Breast,34.5363998413086,8,Low,2017-11-13 02:37:18.5800000,Unknown,False,0
293,Garlic - Elephant,60.969799041748,11,Medium,2017-02-11 23:16:38.2300000,Durable,Unknown,0
294,Wine - Alsace Gewurztraminer,80.7133026123047,10,Low,2018-02-28 03:09:58.0800000,Weak,Unknown,18
295,"Ice - Clear, 300 Lb For Carving",48.7695007324219,7,Low,2018-02-07 06:44:47.6300000,Unknown,True,0
296,Wine - Valpolicella Masi,31.3544998168945,3,Low,2018-05-07 21:44:03.8700000,Weak,False,90
297,Hinge W Undercut,81.9002990722656,3,Low,2017-07-07 13:28:22.1100000,Durable,True,120
298,Pop Shoppe Cream Soda,95.7387008666992,4,Medium,2017-06-03 01:25:35.3400000,Unknown,False,0
299,Fuji Apples,80.1371002197266,4,Medium,2018-02-24 02:57:20.5100000,Unknown,False,0
300,"Beans - Kidney, Canned",69.5693969726563,5,Medium,2017-11-16 02:35:16.7600000,Unknown,True,0
301,Beer - Labatt Blue,43.4119987487793,8,Medium,2017-07-16 01:29:22.9300000,Weak,Unknown,0
302,"Doilies - 5, Paper",61.1598014831543,11,Medium,2017-02-18 00:07:29.2800000,Durable,Unknown,0
303,Cod - Black Whole Fillet,72.6132965087891,7,High,2017-06-28 14:09:58.3500000,Unknown,False,0
304,Banana Turning,72.1984024047852,5,High,2017-06-27 18:42:41.0300000,Unknown,True,0
305,Pastry - Cheese Baked Scones,91.0997009277344,8,Medium,2018-02-10 13:16:12.9500000,Weak,True,19
306,"Pepper - White, Ground",43.5952987670898,4,Low,2018-04-08 20:08:51.7800000,Durable,True,117
307,Foam Cup 6 Oz,50.2256011962891,1,High,2017-11-16 17:48:50.7800000,Durable,Unknown,0
308,Tea - Decaf Lipton,88.1209030151367,6,High,2017-08-02 20:33:17.8900000,Durable,Unknown,0
309,Muffin Batt - Choc Chk,27.6343994140625,11,Medium,2018-03-09 19:56:36.3100000,Durable,True,76
310,Coffee - Dark Roast,79.9779968261719,9,Low,2018-01-14 19:33:15.5300000,Weak,False,0
311,Wonton Wrappers,40.2060012817383,9,High,2017-12-29 02:11:49.6500000,Weak,Unknown,56
312,Salmon - Sockeye Raw,84.0644989013672,1,Low,2017-09-27 16:52:04.2300000,Weak,True,54
313,Veal - Slab Bacon,39.9110984802246,11,High,2017-10-12 15:02:29.6700000,Unknown,Unknown,116
314,Salmon Steak - Cohoe 8 Oz,5.60150003433228,2,Medium,2017-07-23 12:09:48.2900000,Unknown,True,82
315,Wine - Gato Negro Cabernet,93.8047027587891,6,Medium,2017-01-07 21:32:21.6300000,Unknown,True,0
316,Cheese - Victor Et Berthold,65.9394989013672,11,High,2018-01-05 14:11:50.2700000,Weak,False,94
317,Water - Green Tea Refresher,35.2723007202148,3,Low,2018-02-10 13:54:50.5600000,Weak,False,0
318,Ecolab - Solid Fusion,57.2610015869141,10,High,2018-01-07 17:46:26.0500000,Unknown,Unknown,76
319,Towels - Paper / Kraft,77.619499206543,7,High,2017-04-01 20:09:14.6400000,Unknown,Unknown,0
320,Yogurt - French Vanilla,73.4395980834961,9,Low,2017-12-22 23:43:02.2300000,Unknown,Unknown,0
321,"Potatoes - Instant, Mashed",10.4006996154785,1,Medium,2017-12-10 23:22:52.2200000,Durable,Unknown,0
322,Onions - Vidalia,26.2845993041992,2,Medium,2017-12-28 22:03:10.2400000,Unknown,Unknown,0
323,Extract - Lemon,54.3265991210938,10,High,2018-01-31 23:52:44.7600000,Weak,False,99
324,Apricots - Dried,87.9022979736328,10,Low,2018-03-04 21:55:43.8100000,Durable,True,42
325,Halibut - Fletches,3.16569995880127,5,Low,2017-10-13 23:28:41.3800000,Unknown,True,87
326,Appetizer - Mushroom Tart,38.859001159668,9,High,2018-02-07 10:01:42.4900000,Unknown,False,0
327,"Appetizer - Mini Egg Roll, Shrimp",7.14359998703003,2,Medium,2017-06-20 08:14:28.8100000,Unknown,False,0
328,Tuna - Salad Premix,96.8780975341797,6,Medium,2017-01-22 14:12:31.1700000,Durable,True,35
329,"Pork - Loin, Center Cut",39.3496017456055,6,High,2018-04-05 15:03:48.8100000,Weak,True,0
330,Olives - Kalamata,18.7914009094238,10,Medium,2018-02-05 23:08:18.2200000,Unknown,False,0
331,Cookies Cereal Nut,67.3505020141602,3,High,2017-12-23 12:34:09.2000000,Durable,Unknown,80
332,Bouq All Italian - Primerba,59.7578010559082,5,Low,2018-04-12 08:47:00.1000000,Unknown,False,0
333,Cheese - Cottage Cheese,20.236400604248,7,High,2018-01-23 05:25:05.5300000,Weak,False,0
334,Ecolab - Lime - A - Way 4/4 L,21.6133003234863,7,High,2018-03-08 01:07:50.9500000,Weak,True,0
335,"Oil - Shortening,liqud, Fry",18.4230995178223,9,Low,2017-07-14 08:59:24.9700000,Weak,Unknown,84
336,Broom - Corn,71.9241027832031,2,Low,2017-06-19 19:15:47.5000000,Durable,True,0
337,Bread - Rye,83.5373001098633,3,Low,2017-06-21 05:50:53.3900000,Durable,True,0
338,Cheese - Camembert,28.9899005889893,11,Low,2017-01-19 23:22:25.9700000,Durable,Unknown,0
339,Beef - Striploin Aa,2.38899993896484,2,Medium,2017-06-09 17:13:52.8200000,Weak,Unknown,0
340,Veal - Sweetbread,28.234899520874,3,High,2017-04-04 03:41:07.6900000,Durable,True,0
341,"Bread - Roll, Canadian Dinner",90.2640991210938,1,Low,2017-09-19 11:29:23.2500000,Weak,True,0
342,Mangoes,69.5880966186523,1,Medium,2017-03-17 03:07:49.6200000,Unknown,False,51
343,Otomegusa Dashi Konbu,51.2061004638672,1,High,2017-12-07 12:03:49.1700000,Durable,False,0
344,Sausage - Liver,63.5388984680176,2,Low,2017-08-26 12:32:22.0600000,Unknown,False,114
345,Bread - Calabrese Baguette,98.5978012084961,4,Medium,2017-05-18 14:06:33.9000000,Durable,False,67
346,Cheese - Parmesan Grated,17.1914005279541,1,Low,2018-02-15 06:50:07.5400000,Unknown,True,0
347,Pail For Lid 1537,94.6252975463867,8,Low,2017-02-01 11:34:48.9100000,Unknown,True,0
348,Pasta - Cheese / Spinach Bauletti,55.3683013916016,10,Low,2017-11-29 11:06:49.9500000,Durable,True,54
349,Puree - Mocha,86.9085998535156,4,Medium,2018-02-21 05:37:36.4400000,Unknown,True,0
350,Isomalt,82.8300018310547,8,Low,2017-02-02 16:32:57.3600000,Unknown,True,0
351,Hot Chocolate - Individual,96.0822982788086,1,High,2017-03-28 07:49:13.3000000,Durable,Unknown,0
352,"Beef - Tenderlion, Center Cut",24.6392993927002,4,Low,2017-11-06 19:41:56.0600000,Unknown,False,5
353,Milk Powder,18.1191005706787,8,Medium,2017-03-04 05:16:20.7000000,Weak,True,80
354,Crackers Cheez It,6.69750022888184,7,Medium,2017-03-05 03:14:18.2700000,Unknown,False,0
355,Olives - Stuffed,59.168701171875,5,Low,2018-04-15 03:12:24.5400000,Durable,False,12
356,Dc - Frozen Momji,17.1273994445801,6,High,2017-11-25 03:26:12.7000000,Durable,Unknown,0
357,Tilapia - Fillets,6.83319997787476,2,Medium,2017-05-27 00:14:44.5300000,Durable,False,0
358,"Cheese - Boursin, Garlic / Herbs",84.7110977172852,9,Medium,2017-09-02 16:14:14.5400000,Unknown,True,0
359,Rice - Long Grain,69.0326995849609,11,High,2018-01-21 19:13:59.6600000,Durable,True,96
360,Wine - Hardys Bankside Shiraz,52.2406997680664,10,Medium,2017-01-04 03:14:30.4600000,Durable,True,89
361,Coffee Decaf Colombian,36.4515991210938,2,Medium,2017-10-20 11:54:22.9600000,Weak,True,71
362,Cumin - Whole,53.347599029541,7,Medium,2017-10-26 03:36:19.6000000,Durable,Unknown,0
363,Cornflakes,48.7711982727051,11,High,2017-09-06 05:29:29.0900000,Unknown,True,0
364,Cattail Hearts,8.84290027618408,1,High,2017-02-01 20:48:18.0900000,Unknown,Unknown,0
365,"Wine - Red, Harrow Estates, Cab",12.6274003982544,7,Medium,2017-01-23 06:59:06.3300000,Weak,True,95
366,Tahini Paste,80.4483032226563,4,High,2018-01-25 17:24:49.5500000,Unknown,False,0
367,Bread - Italian Corn Meal Poly,63.8280982971191,5,Medium,2018-01-12 11:26:58.7000000,Unknown,True,65
368,Flour - Teff,18.2978000640869,4,Low,2017-12-14 13:54:38.7200000,Unknown,False,0
369,Rambutan,87.1784973144531,5,Medium,2017-01-10 03:10:23.3100000,Unknown,True,10
370,Muffin - Carrot Individual Wrap,21.8805999755859,4,Low,2017-11-28 02:16:34.1300000,Weak,True,0
371,Creme De Banane - Marie,82.4021987915039,8,High,2017-07-18 08:20:56.8800000,Durable,Unknown,0
372,Wine - Two Oceans Cabernet,6.28240013122559,3,Low,2018-01-22 14:32:24.5800000,Unknown,True,0
373,Beef - Montreal Smoked Brisket,54.871898651123,9,Medium,2017-08-01 00:32:33.2200000,Durable,False,0
374,Jagermeister,49.3846015930176,5,Low,2018-05-07 16:28:06.9500000,Durable,False,0
375,Snapple Lemon Tea,83.1754989624023,8,High,2017-04-05 12:13:38.9700000,Unknown,True,80
376,Pasta - Angel Hair,40.8125991821289,11,High,2017-09-26 20:15:02.5900000,Durable,True,51
377,"Wine - Red, Cooking",75.078498840332,1,Medium,2017-01-22 09:59:21.0600000,Durable,False,7
378,Bread Foccacia Whole,90.7876968383789,9,High,2017-06-08 11:20:22.6900000,Durable,False,0
379,Smoked Paprika,89.3046035766602,7,High,2017-10-18 07:49:09.9000000,Unknown,False,81
380,Wine - White Cab Sauv.on,85.9742965698242,4,High,2018-01-05 16:38:33.8400000,Unknown,True,0
381,Vaccum Bag 10x13,44.233699798584,1,High,2018-01-06 22:26:53.5800000,Unknown,Unknown,41
382,Soup - Campbells Bean Medley,51.7753982543945,4,Medium,2017-11-28 21:07:38.8700000,Weak,Unknown,0
383,Cake - Box Window 10x10x2.5,9.96940040588379,2,High,2017-04-10 08:34:54.7300000,Weak,Unknown,0
384,Fond - Neutral,56.5196990966797,10,High,2018-03-03 22:30:51.4500000,Unknown,True,105
385,"Pork - Back, Short Cut, Boneless",22.7091007232666,10,High,2017-11-11 15:19:04.9100000,Durable,False,97
386,Sprouts - Baby Pea Tendrils,42.7112007141113,10,Medium,2017-02-16 16:52:13.1300000,Weak,False,0
387,Fondant - Icing,41.638599395752,9,High,2018-02-09 03:30:39.4000000,Durable,False,100
388,Table Cloth 120 Round White,13.5389003753662,1,Medium,2017-11-21 02:10:47.2600000,Durable,True,0
389,Pomello,62.4446983337402,3,Medium,2018-04-01 21:55:26.4200000,Unknown,Unknown,103
390,"Seedlings - Mix, Organic",1.29560005664825,3,Low,2017-12-27 05:33:12.2800000,Unknown,False,0
391,Bread - Bistro White,65.0907974243164,1,Medium,2017-01-24 19:01:02.9700000,Unknown,True,72
392,Puree - Passion Fruit,98.826301574707,5,High,2018-02-25 13:36:38.8500000,Unknown,True,33
393,Olive - Spread Tapenade,59.9571990966797,1,Low,2017-05-08 04:08:26.3200000,Unknown,Unknown,0
394,Rum - Mount Gay Eclipes,50.1483993530273,3,High,2017-06-06 13:59:22.3500000,Durable,True,76
395,Juice - Lime,91.7833023071289,1,Low,2017-10-22 15:46:44.7400000,Weak,True,0
396,Tea - Jasmin Green,36.9165000915527,6,High,2018-04-03 07:53:03.6500000,Durable,False,0
397,Juice - Happy Planet,20.8169002532959,1,Medium,2017-11-17 21:38:20.5400000,Weak,False,70
398,Wine - Wyndham Estate Bin 777,42.3632011413574,11,High,2017-11-05 15:15:31.0800000,Weak,True,67
399,Berry Brulee,50.9113998413086,6,Medium,2017-08-04 05:33:15.7300000,Unknown,True,0
400,Carbonated Water - Blackcherry,18.1494998931885,1,High,2017-08-30 20:41:44.3500000,Durable,True,0
401,"Tart Shells - Sweet, 4",53.3633995056152,8,High,2017-02-03 19:23:08.8400000,Unknown,Unknown,51
402,Butter - Unsalted,76.3274993896484,5,High,2017-06-27 21:40:10.1900000,Durable,Unknown,6
403,Liners - Baking Cups,68.1897964477539,5,Medium,2017-11-20 07:56:26.6300000,Unknown,Unknown,0
404,Pants Custom Dry Clean,65.0279998779297,1,Medium,2017-03-27 03:21:02.3100000,Durable,False,0
405,Pastry - Raisin Muffin - Mini,0.427799999713898,11,Medium,2017-11-25 08:12:00.4800000,Durable,True,0
406,"Shrimp - Baby, Warm Water",89.7998962402344,9,High,2017-07-13 17:16:48.7300000,Durable,False,0
407,"Pepsi - Diet, 355 Ml",69.7674026489258,7,High,2017-04-08 19:09:22.8300000,Weak,False,0
408,Blueberries,68.7345962524414,4,Low,2017-03-06 12:48:13.7500000,Unknown,False,0
409,Skirt - 29 Foot,23.5219993591309,11,Medium,2018-04-08 15:00:39.3100000,Durable,Unknown,0
410,Fenngreek Seed,18.3560009002686,6,Low,2017-07-20 06:57:21.9400000,Unknown,Unknown,91
411,Durian Fruit,42.048900604248,6,Low,2017-11-03 17:26:51.6400000,Unknown,True,0
412,Lettuce - California Mix,16.0456008911133,5,High,2018-04-27 12:54:21.8400000,Weak,True,0
413,Ice Cream Bar - Oreo Cone,95.4065017700195,3,High,2018-03-25 08:25:04.6500000,Durable,False,5
414,Sauerkraut,83.0585021972656,7,Low,2017-01-17 02:35:25.8200000,Durable,Unknown,87
415,Mussels - Frozen,8.0068998336792,10,High,2017-05-07 04:47:36.8900000,Durable,False,0
416,Baking Powder,84.6763000488281,10,Low,2018-03-31 14:46:44.0900000,Weak,True,0
417,"Lamb - Pieces, Diced",43.378101348877,5,Medium,2017-07-18 19:01:24.8600000,Unknown,Unknown,12
418,Truffle Cups - Brown,92.2516021728516,2,Low,2017-11-12 06:58:37.6400000,Unknown,True,0
419,Pork - Belly Fresh,86.1337966918945,3,Low,2017-07-31 05:29:13.1800000,Weak,True,8
420,Whmis - Spray Bottle Trigger,69.9162979125977,9,High,2018-04-15 14:06:53.2000000,Weak,True,0
421,Soup V8 Roasted Red Pepper,38.8096008300781,6,High,2018-04-25 13:54:10.1600000,Durable,False,0
422,"Garlic - Primerba, Paste",50.2891998291016,5,High,2017-02-22 09:16:11.4300000,Weak,Unknown,60
423,"Fish - Scallops, Cold Smoked",55.853099822998,2,Medium,2018-01-21 15:59:12.3100000,Unknown,Unknown,35
424,Vinegar - Tarragon,85.8827972412109,3,Medium,2017-05-23 21:37:11.0400000,Unknown,False,0
425,Wine - Redchard Merritt,56.7897987365723,4,Medium,2017-11-04 07:15:31.1600000,Weak,Unknown,0
426,Scallops - Live In Shell,83.5758972167969,3,Low,2017-09-29 18:44:18.0400000,Unknown,Unknown,0
427,Wine - Vineland Estate Semi - Dry,46.3251991271973,3,High,2017-09-17 10:23:58.2600000,Durable,False,0
428,Wine - Ruffino Chianti,4.72349977493286,7,Medium,2017-02-25 10:33:10.8700000,Unknown,True,48
429,Beef - Short Loin,57.6012992858887,4,High,2017-07-17 00:41:22.2100000,Weak,False,0
430,Milk - 1%,46.2588996887207,2,Low,2017-05-12 04:20:35.3300000,Durable,False,84
431,Muffin Chocolate Individual Wrap,19.9957008361816,10,Medium,2018-03-18 22:36:42.0600000,Weak,False,89
432,Beer - Original Organic Lager,32.7153015136719,2,High,2017-07-26 18:43:49.9900000,Unknown,False,44
433,"Beans - Kidney, Red Dry",39.8762016296387,3,Low,2018-03-14 05:47:06.9700000,Durable,False,11
434,Cookie - Dough Variety,71.1550979614258,7,Low,2017-02-18 11:07:25.5500000,Weak,True,0
435,"Salsify, Organic",32.6109008789063,8,High,2017-12-02 21:15:24.9900000,Durable,True,0
436,Table Cloth 81x81 White,67.9063034057617,7,High,2017-07-13 00:46:43.3800000,Unknown,False,25
437,Chips Potato All Dressed - 43g,83.5856018066406,10,High,2017-01-09 13:11:12.2300000,Durable,Unknown,0
438,Juice - Orange,44.9415016174316,2,Low,2017-01-15 05:13:52.4200000,Durable,Unknown,0
439,"Beef - Chuck, Boneless",56.0918998718262,11,Medium,2017-04-09 14:18:50.9600000,Unknown,False,108
440,Pork - Inside,32.9091987609863,1,Low,2017-05-01 22:02:16.1700000,Unknown,Unknown,0
441,Blackberries,72.9439010620117,3,Medium,2018-03-19 21:42:50.3000000,Weak,Unknown,0
442,Wine - Ej Gallo Sierra Valley,72.9040985107422,6,Medium,2017-12-06 14:42:25.6400000,Unknown,Unknown,106
443,Lettuce - Spring Mix,90.0168991088867,2,Low,2017-12-22 11:10:07.9600000,Unknown,False,79
444,Cheese - Cambozola,44.0886001586914,8,Low,2017-09-13 14:58:04.4700000,Durable,Unknown,56
445,Pastry - Choclate Baked,59.2467002868652,8,High,2017-02-23 12:06:20.6300000,Weak,Unknown,76
446,Sunflower Seed Raw,49.0452003479004,7,High,2017-02-06 06:06:41.1300000,Unknown,Unknown,18
447,"Salmon - Atlantic, Skin On",3.41980004310608,3,High,2018-04-12 05:11:34.2100000,Unknown,True,0
448,Gatorade - Xfactor Berry,76.8988037109375,5,Low,2017-04-22 01:33:00.4900000,Unknown,False,0
449,Nantuket Peach Orange,42.1413993835449,4,Low,2017-01-31 09:11:45.4500000,Unknown,False,0
450,Wine - Vidal Icewine Magnotta,7.10699987411499,3,Low,2017-12-01 01:00:00.6500000,Unknown,Unknown,0
451,Soup - Campbells Tomato Ravioli,93.5383987426758,1,Low,2017-09-16 12:51:38.7800000,Durable,False,0
452,Napkin White - Starched,28.565299987793,11,Low,2017-01-06 14:39:42.8900000,Durable,Unknown,0
